[
  {
    "id": "main",
    "components": [
      "section"
    ]
  },
  {
    "id": "section",
    "components": [
      "accordion",
      "cards",
      "carousel",
      "columns",
      "embed",
      "fragment",
      "form",
      "hero",
      "image",
      "quote",
      "search",
      "tabs",
      "table",
      "text",
      "video"
    ]
  },
  {
    "id": "accordion",
    "components": [
      "accordion-item"
    ]
  },
  {
    "id": "cards",
    "components": [
      "card"
    ]
  },
  {
    "id": "carousel",
    "components": [
      "carousel-item"
    ]
  },
  {
    "id": "columns",
    "components": [
      "columns-row"
    ]
  },
  {
    "id": "columns-row",
    "components": []
  },
  {
    "id": "columns-cell",
    "components": [
      "text",
      "image"
    ]
  },
  {
    "id": "tabs",
    "components": [
      "tabs-item"
    ]
  }
]
